<?xml version="1.0"?>
<ctml>
  <validate species="yes" reactions="yes"/>

  <!-- phase gas     -->
  <phase id="gas" dim="3">
    <elementArray datasrc="elements.xml">N H O</elementArray>
    <speciesArray datasrc="#species_data">N2    H     O2    OH    O     H2    H2O   HO2   H2O2</speciesArray>
    <reactionArray datasrc="#reaction_data"/>
    <state>
      <temperature units="K">300.0</temperature>
      <pressure units="Pa">101325.0</pressure>
    </state>
    <thermo model="IdealGas"/>
    <kinetics model="GasKinetics"/>
    <transport model="Mix"/>
  </phase>

  <!-- species definitions     -->
  <speciesData id="species_data">

    <!-- species N2    -->
    <species name="N2">
      <atomArray>N:2 </atomArray>
      <note>000000</note>
      <thermo>
        <NASA Tmin="300.0" Tmax="1000.0" P0="100000.0">
           <floatArray size="7" name="coeffs">
             3.298677000E+00,   1.408240400E-03,  -3.963222000E-06,   5.641515000E-09, 
             -2.444854000E-12,  -1.020899900E+03,   3.950372000E+00</floatArray>
        </NASA>
        <NASA Tmin="1000.0" Tmax="5000.0" P0="100000.0">
           <floatArray size="7" name="coeffs">
             2.926640000E+00,   1.487976800E-03,  -5.684760000E-07,   1.009703800E-10, 
             -6.753351000E-15,  -9.227977000E+02,   5.980528000E+00</floatArray>
        </NASA>
      </thermo>
      <transport model="gas_transport">
        <string title="geometry">linear</string>
        <LJ_welldepth units="K">97.530</LJ_welldepth>
        <LJ_diameter units="A">3.621</LJ_diameter>
        <dipoleMoment units="Debye">0.000</dipoleMoment>
        <polarizability units="A3">1.760</polarizability>
        <rotRelax>4.000</rotRelax>
        <dispersion_coefficient units="A5">0.000</dispersion_coefficient>
        <quadrupole_polarizability units="A5">0.000</quadrupole_polarizability>
      </transport>
    </species>

    <!-- species H    -->
    <species name="H">
      <atomArray>H:1 </atomArray>
      <note>000000</note>
      <thermo>
        <NASA Tmin="300.0" Tmax="1000.0" P0="100000.0">
           <floatArray size="7" name="coeffs">
             2.500000000E+00,   7.053328190E-13,  -1.995919640E-15,   2.300816320E-18, 
             -9.277323320E-22,   2.547365990E+04,  -4.466828530E-01</floatArray>
        </NASA>
        <NASA Tmin="1000.0" Tmax="5000.0" P0="100000.0">
           <floatArray size="7" name="coeffs">
             2.500000010E+00,  -2.308429730E-11,   1.615619480E-14,  -4.735152350E-18, 
             4.981973570E-22,   2.547365990E+04,  -4.466829140E-01</floatArray>
        </NASA>
      </thermo>
      <transport model="gas_transport">
        <string title="geometry">atom</string>
        <LJ_welldepth units="K">145.000</LJ_welldepth>
        <LJ_diameter units="A">2.050</LJ_diameter>
        <dipoleMoment units="Debye">0.000</dipoleMoment>
        <polarizability units="A3">0.000</polarizability>
        <rotRelax>0.000</rotRelax>
        <dispersion_coefficient units="A5">0.000</dispersion_coefficient>
        <quadrupole_polarizability units="A5">0.000</quadrupole_polarizability>
      </transport>
    </species>

    <!-- species O2    -->
    <species name="O2">
      <atomArray>O:2 </atomArray>
      <note>000000</note>
      <thermo>
        <NASA Tmin="300.0" Tmax="1000.0" P0="100000.0">
           <floatArray size="7" name="coeffs">
             3.782456360E+00,  -2.996734160E-03,   9.847302010E-06,  -9.681295090E-09, 
             3.243728370E-12,  -1.063943560E+03,   3.657675730E+00</floatArray>
        </NASA>
        <NASA Tmin="1000.0" Tmax="5000.0" P0="100000.0">
           <floatArray size="7" name="coeffs">
             3.282537840E+00,   1.483087540E-03,  -7.579666690E-07,   2.094705550E-10, 
             -2.167177940E-14,  -1.088457720E+03,   5.453231290E+00</floatArray>
        </NASA>
      </thermo>
      <transport model="gas_transport">
        <string title="geometry">linear</string>
        <LJ_welldepth units="K">107.400</LJ_welldepth>
        <LJ_diameter units="A">3.458</LJ_diameter>
        <dipoleMoment units="Debye">0.000</dipoleMoment>
        <polarizability units="A3">1.600</polarizability>
        <rotRelax>3.800</rotRelax>
        <dispersion_coefficient units="A5">0.000</dispersion_coefficient>
        <quadrupole_polarizability units="A5">0.000</quadrupole_polarizability>
      </transport>
    </species>

    <!-- species OH    -->
    <species name="OH">
      <atomArray>H:1 O:1 </atomArray>
      <note>000000</note>
      <thermo>
        <NASA Tmin="300.0" Tmax="1000.0" P0="100000.0">
           <floatArray size="7" name="coeffs">
             4.125305610E+00,  -3.225449390E-03,   6.527646910E-06,  -5.798536430E-09, 
             2.062373790E-12,   3.381538120E+03,  -6.904329600E-01</floatArray>
        </NASA>
        <NASA Tmin="1000.0" Tmax="5000.0" P0="100000.0">
           <floatArray size="7" name="coeffs">
             2.864728860E+00,   1.056504480E-03,  -2.590827580E-07,   3.052186740E-11, 
             -1.331958760E-15,   3.718857740E+03,   5.701640730E+00</floatArray>
        </NASA>
      </thermo>
      <transport model="gas_transport">
        <string title="geometry">linear</string>
        <LJ_welldepth units="K">80.000</LJ_welldepth>
        <LJ_diameter units="A">2.750</LJ_diameter>
        <dipoleMoment units="Debye">0.000</dipoleMoment>
        <polarizability units="A3">0.000</polarizability>
        <rotRelax>0.000</rotRelax>
        <dispersion_coefficient units="A5">0.000</dispersion_coefficient>
        <quadrupole_polarizability units="A5">0.000</quadrupole_polarizability>
      </transport>
    </species>

    <!-- species O    -->
    <species name="O">
      <atomArray>O:1 </atomArray>
      <note>000000</note>
      <thermo>
        <NASA Tmin="300.0" Tmax="1000.0" P0="100000.0">
           <floatArray size="7" name="coeffs">
             3.168267100E+00,  -3.279318840E-03,   6.643063960E-06,  -6.128066240E-09, 
             2.112659710E-12,   2.912225920E+04,   2.051933460E+00</floatArray>
        </NASA>
        <NASA Tmin="1000.0" Tmax="5000.0" P0="100000.0">
           <floatArray size="7" name="coeffs">
             2.569420780E+00,  -8.597411370E-05,   4.194845890E-08,  -1.001777990E-11, 
             1.228336910E-15,   2.921757910E+04,   4.784338640E+00</floatArray>
        </NASA>
      </thermo>
      <transport model="gas_transport">
        <string title="geometry">atom</string>
        <LJ_welldepth units="K">80.000</LJ_welldepth>
        <LJ_diameter units="A">2.750</LJ_diameter>
        <dipoleMoment units="Debye">0.000</dipoleMoment>
        <polarizability units="A3">0.000</polarizability>
        <rotRelax>0.000</rotRelax>
        <dispersion_coefficient units="A5">0.000</dispersion_coefficient>
        <quadrupole_polarizability units="A5">0.000</quadrupole_polarizability>
      </transport>
    </species>

    <!-- species H2    -->
    <species name="H2">
      <atomArray>H:2 </atomArray>
      <note>000000</note>
      <thermo>
        <NASA Tmin="300.0" Tmax="1000.0" P0="100000.0">
           <floatArray size="7" name="coeffs">
             2.344331120E+00,   7.980520750E-03,  -1.947815100E-05,   2.015720940E-08, 
             -7.376117610E-12,  -9.179351730E+02,   6.830102380E-01</floatArray>
        </NASA>
        <NASA Tmin="1000.0" Tmax="5000.0" P0="100000.0">
           <floatArray size="7" name="coeffs">
             3.337279200E+00,  -4.940247310E-05,   4.994567780E-07,  -1.795663940E-10, 
             2.002553760E-14,  -9.501589220E+02,  -3.205023310E+00</floatArray>
        </NASA>
      </thermo>
      <transport model="gas_transport">
        <string title="geometry">linear</string>
        <LJ_welldepth units="K">38.000</LJ_welldepth>
        <LJ_diameter units="A">2.920</LJ_diameter>
        <dipoleMoment units="Debye">0.000</dipoleMoment>
        <polarizability units="A3">0.790</polarizability>
        <rotRelax>280.000</rotRelax>
        <dispersion_coefficient units="A5">0.000</dispersion_coefficient>
        <quadrupole_polarizability units="A5">0.000</quadrupole_polarizability>
      </transport>
    </species>

    <!-- species H2O    -->
    <species name="H2O">
      <atomArray>H:2 O:1 </atomArray>
      <note>000000</note>
      <thermo>
        <NASA Tmin="300.0" Tmax="1000.0" P0="100000.0">
           <floatArray size="7" name="coeffs">
             4.198640560E+00,  -2.036434100E-03,   6.520402110E-06,  -5.487970620E-09, 
             1.771978170E-12,  -3.029372670E+04,  -8.490322080E-01</floatArray>
        </NASA>
        <NASA Tmin="1000.0" Tmax="5000.0" P0="100000.0">
           <floatArray size="7" name="coeffs">
             3.033992490E+00,   2.176918040E-03,  -1.640725180E-07,  -9.704198700E-11, 
             1.682009920E-14,  -3.000429710E+04,   4.966770100E+00</floatArray>
        </NASA>
      </thermo>
      <transport model="gas_transport">
        <string title="geometry">nonlinear</string>
        <LJ_welldepth units="K">572.400</LJ_welldepth>
        <LJ_diameter units="A">2.605</LJ_diameter>
        <dipoleMoment units="Debye">1.844</dipoleMoment>
        <polarizability units="A3">0.000</polarizability>
        <rotRelax>4.000</rotRelax>
        <dispersion_coefficient units="A5">0.000</dispersion_coefficient>
        <quadrupole_polarizability units="A5">0.000</quadrupole_polarizability>
      </transport>
    </species>

    <!-- species HO2    -->
    <species name="HO2">
      <atomArray>H:1 O:2 </atomArray>
      <note>000000</note>
      <thermo>
        <NASA Tmin="300.0" Tmax="1000.0" P0="100000.0">
           <floatArray size="7" name="coeffs">
             4.301798010E+00,  -4.749120510E-03,   2.115828910E-05,  -2.427638940E-08, 
             9.292251240E-12,   2.948080400E+02,   3.716662450E+00</floatArray>
        </NASA>
        <NASA Tmin="1000.0" Tmax="5000.0" P0="100000.0">
           <floatArray size="7" name="coeffs">
             4.017210900E+00,   2.239820130E-03,  -6.336581500E-07,   1.142463700E-10, 
             -1.079085350E-14,   1.118567130E+02,   3.785102150E+00</floatArray>
        </NASA>
      </thermo>
      <transport model="gas_transport">
        <string title="geometry">nonlinear</string>
        <LJ_welldepth units="K">107.400</LJ_welldepth>
        <LJ_diameter units="A">3.458</LJ_diameter>
        <dipoleMoment units="Debye">0.000</dipoleMoment>
        <polarizability units="A3">0.000</polarizability>
        <rotRelax>1.000</rotRelax>
        <dispersion_coefficient units="A5">0.000</dispersion_coefficient>
        <quadrupole_polarizability units="A5">0.000</quadrupole_polarizability>
      </transport>
    </species>

    <!-- species H2O2    -->
    <species name="H2O2">
      <atomArray>H:2 O:2 </atomArray>
      <note>000000</note>
      <thermo>
        <NASA Tmin="300.0" Tmax="1000.0" P0="100000.0">
           <floatArray size="7" name="coeffs">
             4.276112690E+00,  -5.428224170E-04,   1.673357010E-05,  -2.157708130E-08, 
             8.624543630E-12,  -1.770258210E+04,   3.435050740E+00</floatArray>
        </NASA>
        <NASA Tmin="1000.0" Tmax="5000.0" P0="100000.0">
           <floatArray size="7" name="coeffs">
             4.165002850E+00,   4.908316940E-03,  -1.901392250E-06,   3.711859860E-10, 
             -2.879083050E-14,  -1.786178770E+04,   2.916156620E+00</floatArray>
        </NASA>
      </thermo>
      <transport model="gas_transport">
        <string title="geometry">nonlinear</string>
        <LJ_welldepth units="K">107.400</LJ_welldepth>
        <LJ_diameter units="A">3.458</LJ_diameter>
        <dipoleMoment units="Debye">0.000</dipoleMoment>
        <polarizability units="A3">0.000</polarizability>
        <rotRelax>3.800</rotRelax>
        <dispersion_coefficient units="A5">0.000</dispersion_coefficient>
        <quadrupole_polarizability units="A5">0.000</quadrupole_polarizability>
      </transport>
    </species>
  </speciesData>
  <reactionData id="reaction_data">

    <!-- reaction 0001    -->
    <reaction id="0001" reversible="yes">
      <equation>H + O2 [=] OH + O</equation>
      <rateCoeff>
        <Arrhenius>
           <A>3.520000E+13</A>
           <b>-0.7</b>
           <E units="cal/mol">17069.790000</E>
        </Arrhenius>
      </rateCoeff>
      <reactants>H:1.0 O2:1</reactants>
      <products>OH:1.0 O:1</products>
    </reaction>

    <!-- reaction 0002    -->
    <reaction id="0002" reversible="yes">
      <equation>H2 + O [=] OH + H</equation>
      <rateCoeff>
        <Arrhenius>
           <A>5.060000E+01</A>
           <b>2.67</b>
           <E units="cal/mol">6290.630000</E>
        </Arrhenius>
      </rateCoeff>
      <reactants>H2:1.0 O:1</reactants>
      <products>OH:1.0 H:1</products>
    </reaction>

    <!-- reaction 0003    -->
    <reaction id="0003" reversible="yes">
      <equation>H2 + OH [=] H2O + H</equation>
      <rateCoeff>
        <Arrhenius>
           <A>1.170000E+06</A>
           <b>1.3</b>
           <E units="cal/mol">3635.280000</E>
        </Arrhenius>
      </rateCoeff>
      <reactants>H2:1.0 OH:1</reactants>
      <products>H2O:1.0 H:1</products>
    </reaction>

    <!-- reaction 0004    -->
    <reaction id="0004" reversible="yes">
      <equation>H2O + O [=] 2 OH</equation>
      <rateCoeff>
        <Arrhenius>
           <A>7.000000E+02</A>
           <b>2.33</b>
           <E units="cal/mol">14548.280000</E>
        </Arrhenius>
      </rateCoeff>
      <reactants>H2O:1.0 O:1</reactants>
      <products>OH:2.0</products>
    </reaction>

    <!-- reaction 0005    -->
    <reaction id="0005" reversible="yes" type="threeBody">
      <equation>2 H + M [=] H2 + M</equation>
      <rateCoeff>
        <Arrhenius>
           <A>1.300000E+12</A>
           <b>-1.0</b>
           <E units="cal/mol">0.000000</E>
        </Arrhenius>
        <efficiencies default="1.0">H2:2.5 H2O:12.0</efficiencies>
      </rateCoeff>
      <reactants>H:2.0</reactants>
      <products>H2:1.0</products>
    </reaction>

    <!-- reaction 0006    -->
    <reaction id="0006" reversible="yes" type="threeBody">
      <equation>H + OH + M [=] H2O + M</equation>
      <rateCoeff>
        <Arrhenius>
           <A>4.000000E+16</A>
           <b>-2.0</b>
           <E units="cal/mol">0.000000</E>
        </Arrhenius>
        <efficiencies default="1.0">H2:2.5 H2O:12.0</efficiencies>
      </rateCoeff>
      <reactants>H:1.0 OH:1</reactants>
      <products>H2O:1.0</products>
    </reaction>

    <!-- reaction 0007    -->
    <reaction id="0007" reversible="yes" type="threeBody">
      <equation>2 O + M [=] O2 + M</equation>
      <rateCoeff>
        <Arrhenius>
           <A>6.170000E+09</A>
           <b>-0.5</b>
           <E units="cal/mol">0.000000</E>
        </Arrhenius>
        <efficiencies default="1.0">H2:2.5 H2O:12.0</efficiencies>
      </rateCoeff>
      <reactants>O:2.0</reactants>
      <products>O2:1.0</products>
    </reaction>

    <!-- reaction 0008    -->
    <reaction id="0008" reversible="yes" type="threeBody">
      <equation>H + O + M [=] OH + M</equation>
      <rateCoeff>
        <Arrhenius>
           <A>4.710000E+12</A>
           <b>-1.0</b>
           <E units="cal/mol">0.000000</E>
        </Arrhenius>
        <efficiencies default="1.0">H2:2.5 H2O:12.0</efficiencies>
      </rateCoeff>
      <reactants>H:1.0 O:1</reactants>
      <products>OH:1.0</products>
    </reaction>

    <!-- reaction 0009    -->
    <reaction id="0009" reversible="yes" type="falloff">
      <equation>H + O2 (+ M) [=] HO2 (+ M)</equation>
      <rateCoeff>
        <Arrhenius>
           <A>4.650000E+09</A>
           <b>0.44</b>
           <E units="cal/mol">0.000000</E>
        </Arrhenius>
        <Arrhenius name="k0">
           <A>5.750000E+13</A>
           <b>-1.4</b>
           <E units="cal/mol">0.000000</E>
        </Arrhenius>
        <efficiencies default="1.0">H2:2.5 H2O:16.0</efficiencies>
        <falloff type="Troe">0.5 1e-30 1e+30 </falloff>
      </rateCoeff>
      <reactants>H:1.0 O2:1</reactants>
      <products>HO2:1.0</products>
    </reaction>

    <!-- reaction 0010    -->
    <reaction id="0010" reversible="yes">
      <equation>HO2 + H [=] 2 OH</equation>
      <rateCoeff>
        <Arrhenius>
           <A>7.080000E+10</A>
           <b>0.0</b>
           <E units="cal/mol">294.930000</E>
        </Arrhenius>
      </rateCoeff>
      <reactants>HO2:1.0 H:1</reactants>
      <products>OH:2.0</products>
    </reaction>

    <!-- reaction 0011    -->
    <reaction id="0011" reversible="yes">
      <equation>HO2 + H [=] H2 + O2</equation>
      <rateCoeff>
        <Arrhenius>
           <A>1.660000E+10</A>
           <b>0.0</b>
           <E units="cal/mol">822.900000</E>
        </Arrhenius>
      </rateCoeff>
      <reactants>HO2:1.0 H:1</reactants>
      <products>H2:1.0 O2:1</products>
    </reaction>

    <!-- reaction 0012    -->
    <reaction id="0012" reversible="yes">
      <equation>HO2 + H [=] H2O + O</equation>
      <rateCoeff>
        <Arrhenius>
           <A>3.100000E+10</A>
           <b>0.0</b>
           <E units="cal/mol">1720.840000</E>
        </Arrhenius>
      </rateCoeff>
      <reactants>HO2:1.0 H:1</reactants>
      <products>H2O:1.0 O:1</products>
    </reaction>

    <!-- reaction 0013    -->
    <reaction id="0013" reversible="yes">
      <equation>HO2 + O [=] OH + O2</equation>
      <rateCoeff>
        <Arrhenius>
           <A>2.000000E+10</A>
           <b>0.0</b>
           <E units="cal/mol">0.000000</E>
        </Arrhenius>
      </rateCoeff>
      <reactants>HO2:1.0 O:1</reactants>
      <products>OH:1.0 O2:1</products>
    </reaction>

    <!-- reaction 0014    -->
    <reaction id="0014" reversible="yes" duplicate="yes">
      <equation>HO2 + OH [=] H2O + O2</equation>
      <rateCoeff>
        <Arrhenius>
           <A>7.000000E+09</A>
           <b>0.0</b>
           <E units="cal/mol">-1094.650000</E>
        </Arrhenius>
      </rateCoeff>
      <reactants>HO2:1.0 OH:1</reactants>
      <products>H2O:1.0 O2:1</products>
    </reaction>

    <!-- reaction 0015    -->
    <reaction id="0015" reversible="yes" duplicate="yes">
      <equation>HO2 + OH [=] H2O + O2</equation>
      <rateCoeff>
        <Arrhenius>
           <A>4.500000E+11</A>
           <b>0.0</b>
           <E units="cal/mol">10929.730000</E>
        </Arrhenius>
      </rateCoeff>
      <reactants>HO2:1.0 OH:1</reactants>
      <products>H2O:1.0 O2:1</products>
    </reaction>

    <!-- reaction 0016    -->
    <reaction id="0016" reversible="yes" type="falloff">
      <equation>2 OH (+ M) [=] H2O2 (+ M)</equation>
      <rateCoeff>
        <Arrhenius>
           <A>9.550000E+10</A>
           <b>-0.27</b>
           <E units="cal/mol">0.000000</E>
        </Arrhenius>
        <Arrhenius name="k0">
           <A>2.760000E+19</A>
           <b>-3.2</b>
           <E units="cal/mol">0.000000</E>
        </Arrhenius>
        <efficiencies default="1.0">H2:2.5 H2O:6.0 H2O2:6.0</efficiencies>
        <falloff type="Troe">0.57 1e+30 1e-30 </falloff>
      </rateCoeff>
      <reactants>OH:2.0</reactants>
      <products>H2O2:1.0</products>
    </reaction>

    <!-- reaction 0017    -->
    <reaction id="0017" reversible="yes" duplicate="yes">
      <equation>2 HO2 [=] H2O2 + O2</equation>
      <rateCoeff>
        <Arrhenius>
           <A>1.030000E+11</A>
           <b>0.0</b>
           <E units="cal/mol">11042.070000</E>
        </Arrhenius>
      </rateCoeff>
      <reactants>HO2:2.0</reactants>
      <products>H2O2:1.0 O2:1</products>
    </reaction>

    <!-- reaction 0018    -->
    <reaction id="0018" reversible="yes" duplicate="yes">
      <equation>2 HO2 [=] H2O2 + O2</equation>
      <rateCoeff>
        <Arrhenius>
           <A>1.940000E+08</A>
           <b>0.0</b>
           <E units="cal/mol">-1408.940000</E>
        </Arrhenius>
      </rateCoeff>
      <reactants>HO2:2.0</reactants>
      <products>H2O2:1.0 O2:1</products>
    </reaction>

    <!-- reaction 0019    -->
    <reaction id="0019" reversible="yes">
      <equation>H2O2 + H [=] HO2 + H2</equation>
      <rateCoeff>
        <Arrhenius>
           <A>2.300000E+10</A>
           <b>0.0</b>
           <E units="cal/mol">7950.050000</E>
        </Arrhenius>
      </rateCoeff>
      <reactants>H2O2:1.0 H:1</reactants>
      <products>HO2:1.0 H2:1</products>
    </reaction>

    <!-- reaction 0020    -->
    <reaction id="0020" reversible="yes">
      <equation>H2O2 + H [=] H2O + OH</equation>
      <rateCoeff>
        <Arrhenius>
           <A>1.000000E+10</A>
           <b>0.0</b>
           <E units="cal/mol">3585.090000</E>
        </Arrhenius>
      </rateCoeff>
      <reactants>H2O2:1.0 H:1</reactants>
      <products>H2O:1.0 OH:1</products>
    </reaction>

    <!-- reaction 0021    -->
    <reaction id="0021" reversible="yes" duplicate="yes">
      <equation>H2O2 + OH [=] H2O + HO2</equation>
      <rateCoeff>
        <Arrhenius>
           <A>1.740000E+09</A>
           <b>0.0</b>
           <E units="cal/mol">1434.030000</E>
        </Arrhenius>
      </rateCoeff>
      <reactants>H2O2:1.0 OH:1</reactants>
      <products>H2O:1.0 HO2:1</products>
    </reaction>

    <!-- reaction 0022    -->
    <reaction id="0022" reversible="yes" duplicate="yes">
      <equation>H2O2 + OH [=] H2O + HO2</equation>
      <rateCoeff>
        <Arrhenius>
           <A>7.590000E+10</A>
           <b>0.0</b>
           <E units="cal/mol">7272.940000</E>
        </Arrhenius>
      </rateCoeff>
      <reactants>H2O2:1.0 OH:1</reactants>
      <products>H2O:1.0 HO2:1</products>
    </reaction>

    <!-- reaction 0023    -->
    <reaction id="0023" reversible="yes">
      <equation>H2O2 + O [=] HO2 + OH</equation>
      <rateCoeff>
        <Arrhenius>
           <A>9.630000E+03</A>
           <b>2.0</b>
           <E units="cal/mol">3991.400000</E>
        </Arrhenius>
      </rateCoeff>
      <reactants>H2O2:1.0 O:1</reactants>
      <products>HO2:1.0 OH:1</products>
    </reaction>
  </reactionData>
</ctml>
